"subjectid","cond","race","tma","si","mw1","mw2","under_avg","worry0","enjoy0","worry1","enjoy1","worry2","enjoy2","HOT","X","race_rv","gender","chicago","base_enjoy","base_worry","tma_sum_rv","cries_sum_rv","worry_durimm_avg","worry_del_avg","enjoy_del_avg","enjoy_durimm_avg","understand_avg","mw_day1_sum","mw_day2_sum","si_sum"
"Aq001","0",NA,11,NA,3,NA,78.5714285714286,2,0,1.83333333333333,1.33333333333333,2,2,0.375,1,1,0,1,0,2,11,8,1.83333,2,2,1.33333,78.5714,15,13.4184524045707,39.9266720434623
"Aq002a","1",4,10,54,2.2,1.6,81.4285714285714,1,3,0.166666666666667,3.5,0,4,0.5,2,4,0,1,3,1,10,4,0.166667,0,4,3.5,81.4286,11,8,54
"Aq003","1",4,9,36,2,1.8,83.8571428571429,3,4,2.66666666666667,3.16666666666667,0.666666666666667,1.33333333333333,0.875,3,4,0,1,4,3,9,10,2.66667,0.666667,1.33333,3.16667,83.8571,10,9,36
"Aq004","1",4,8,39,3,1.6,84.2857142857143,1,3,0.333333333333333,1.5,1,1.33333333333333,0,4,4,0,1,3,1,8,6,0.333333,1,1.33333,1.5,84.2857,15,8,39
"Aq005a","1",4,8,54,2,2,66,1,4,1.16666666666667,3.33333333333333,0,3.66666666666667,0.75,5,4,1,1,4,1,8,5,1.16667,0,3.66667,3.33333,66,10,10,54
"Aq006","0",NA,NA,NA,1.4,NA,27.4285714285714,1,4,0.333333333333333,3.16666666666667,NA,NA,0.5,6,4,1,1,4,1,8.17909594266752,5,0.333333,0.372820514163886,2.77830835004695,3.16667,27.4286,7,8.70851717334825,47.0365016380265
"Aq007","0",4,9,57,1.8,1.2,46.4285714285714,0,3,0.833333333333333,3.16666666666667,0.666666666666667,3.66666666666667,0.125,7,4,1,1,3,0,9,2,0.833333,0.666667,3.66667,3.16667,46.4286,9,6,57
"Aq008","1",1,9,55,1.2,1.2,88.4285714285714,0,4,0,4,0,4,0.25,8,1,1,1,4,0,9,2,0,0,4,4,88.4286,6,6,55
"Aq009","1",5,7,55,2.6,1.6,23.3333333333333,0,4,0,2.66666666666667,0,3,0.4375,9,5,0,1,4,0,7,8,0,0,3,2.66667,23.3333,13,8,55
"Aq010","0",NA,6,NA,2.6,NA,17.1666666666667,0,4,2.16666666666667,3.83333333333333,2.33333333333333,3.33333333333333,0.5,10,5,0,1,4,0,6,1,2.16667,2.33333,3.33333,3.83333,17.1667,13,14.8683298755441,53.0876666928877
"Aq011","0",5,7,44,1,1.4,96.8571428571429,0,4,0.166666666666667,3.16666666666667,0,1.66666666666667,0.375,11,5,0,1,4,0,7,3,0.166667,0,1.66667,3.16667,96.8571,5,7,44
"Aq012","1",NA,14,NA,1.6,NA,72.2857142857143,0,0,0.166666666666667,1.66666666666667,0,0,0.125,12,4,0,1,0,0,14,7,0.166667,0,0,1.66667,72.2857,8,10.2862620867144,38.9245558203115
"Aq014","0",1,5,51,1,1.2,97.1428571428571,1,3,0.5,3.83333333333333,0,3,0.75,13,1,1,1,3,1,5,6,0.5,0,3,3.83333,97.1429,5,6,51
"Aq015","1",5,11,58,1.2,1.2,97.7142857142857,0,2,0,3.66666666666667,0.333333333333333,3,0.5,14,5,0,1,2,0,11,7,0,0.333333,3,3.66667,97.7143,6,6,58
"Aq016","0",4,8,51,1.6,1,72.8571428571429,0,3,0.666666666666667,3.16666666666667,0.666666666666667,2.66666666666667,0.625,15,4,1,1,3,0,8,0,0.666667,0.666667,2.66667,3.16667,72.8571,8,5,51
"Aq017","1",5,7,52,2,1,67.1428571428571,1,2,2.33333333333333,2.83333333333333,3,2.66666666666667,0.375,16,5,1,1,2,1,7,1,2.33333,3,2.66667,2.83333,67.1429,10,5,52
"Aq018","0",NA,5,60,1.2,2,93,0,4,0,4,0,4,0.625,17,5,0,1,4,0,5,2,0,0,4,4,93,6,10,60
"Aq019","0",NA,NA,NA,2.8,NA,20.8333333333333,0,2,0.833333333333333,1.16666666666667,NA,NA,0.625,18,4,1,1,2,0,11.0567114818606,8,0.833333,0.872625680294642,0.92072992228354,1.16667,20.8333,14,13.2269111384077,35.3337763691965
"Aq020","0",5,9,52,2.2,2.6,78.1428571428571,2,2,1.16666666666667,2.16666666666667,1.33333333333333,2.33333333333333,0.75,19,5,1,1,2,2,9,9,1.16667,1.33333,2.33333,2.16667,78.1429,11,13,52
"Aq021","0",5,7,45,2.2,2,99.8571428571429,2,2,2.16666666666667,1.83333333333333,2,2,0.125,20,5,0,1,2,2,7,8,2.16667,2,2,1.83333,99.8571,11,10,45
"Aq022","1",5,5,55,4.8,2.6,72.5714285714286,2,4,2.83333333333333,1.66666666666667,0,0,0.375,21,5,0,1,4,2,5,6,2.83333,0,0,1.66667,72.5714,24,13,55
"Aq023","0",5,8,52,2.8,3,87.8571428571429,0,4,0.666666666666667,3.16666666666667,0.666666666666667,3.66666666666667,0.125,22,5,1,1,4,0,8,6,0.666667,0.666667,3.66667,3.16667,87.8571,14,15,52
"Aq024","1",5,8,60,4.6,2.4,92.8571428571429,0,4,0,2.66666666666667,0,2.33333333333333,0,23,5,1,1,4,0,8,7,0,0,2.33333,2.66667,92.8571,23,12,60
"Aq025","1",5,6,54,1.2,1.2,100,1,4,1,3.66666666666667,0.666666666666667,3.33333333333333,0.375,24,5,0,1,4,1,6,4,1,0.666667,3.33333,3.66667,100,6,6,54
"Aq026","0",5,6,50,1.2,1,85.1428571428571,0,4,0.166666666666667,3.16666666666667,0,4,0.5,25,5,1,1,4,0,6,2,0.166667,0,4,3.16667,85.1429,6,5,50
"Aq027","1",1,16,29,2.2,1.6,27.8571428571429,2,1,3.16666666666667,0.166666666666667,3.66666666666667,0,0.625,26,1,1,1,1,2,16,7,3.16667,3.66667,0,0.166667,27.8571,11,8,29
"Aq028","0",5,7,48,3.4,1.8,58.5714285714286,0,4,0.666666666666667,2.16666666666667,0,0,0.5,27,5,0,1,4,0,7,3,0.666667,0,0,2.16667,58.5714,17,9,48
"Aq029","0",1,15,38,3.6,3.8,73.5714285714286,2,2,2.33333333333333,2,2.33333333333333,2.33333333333333,0.25,28,1,0,1,2,2,15,10,2.33333,2.33333,2.33333,2,73.5714,18,19,38
"Aq030","0",1,6,45,NA,2.8,47.75,0,4,0.333333333333333,3.66666666666667,1.33333333333333,2,0,29,1,1,1,4,0,6,2,0.333333,1.33333,2,3.66667,47.75,11.3725612394315,14,45
"Aq031","1",4,9,50,1.6,2,72.5714285714286,0,3,1.5,1.33333333333333,0.666666666666667,2.33333333333333,0.5,30,4,1,1,3,0,9,4,1.5,0.666667,2.33333,1.33333,72.5714,8,10,50
"Ar032","0",NA,NA,NA,3.2,NA,69,2,2,1,3,NA,NA,0.375,31,5,0,1,2,2,10.9544569830195,7,1,0.860523394221262,2.70718549189778,3,69,16,13.7587433238481,50.3612910673599
"Ar033a","1",5,25,60,6,2,96.2857142857143,0,3,0,3,0,3.33333333333333,0.375,32,5,0,1,3,0,25,5,0,0,3.33333,3,96.2857,30,10,60
"Ar034","1",2,9,51,1,1,85.5714285714286,0,3,0.5,2.83333333333333,1,2.66666666666667,0.3125,33,2,1,1,3,0,9,2,0.5,1,2.66667,2.83333,85.5714,5,5,51
"Ar035","0",5,19,40,3.4,4.6,60,1,3,1.16666666666667,2.83333333333333,0.333333333333333,2.33333333333333,0.125,34,5,0,1,3,1,19,4,1.16667,0.333333,2.33333,2.83333,60,17,23,40
"Ar036a","1",NA,6,NA,2.8,NA,82.5714285714286,1,2,0.333333333333333,1.83333333333333,0,3,0.625,35,5,0,1,2,1,6,13,0.333333,0,3,1.83333,82.5714,14,10.5546908940279,51.7752909966333
"Ar037","0",NA,7,44,1.4,1.2,55,1,3,1.83333333333333,3,1,3.66666666666667,0.625,36,5,0,1,3,1,7,3,1.83333,1,3.66667,3,55,7,6,44
"Ar038","0",NA,NA,NA,NA,NA,84.25,0,4,0,4,NA,NA,0,37,5,1,1,4,0,8.05854322680646,7,0,0.106233250523949,3.79663154051769,4,84.25,11.1098792357353,9.41100615187361,58.1496202507482
"Ar039","0",NA,NA,NA,NA,NA,96.75,0,2,0,2.66666666666667,NA,NA,1,38,4,0,1,2,0,8.96075785342419,6,0,-0.0202492635799623,2.4224046837182,2.66667,96.75,9.19173693882455,8.74422939112469,49.3827855878304
"Ar040","1",2,5,60,2.8,1,56.2857142857143,0,4,1.16666666666667,2.33333333333333,0,4,0.428571428571429,39,2,0,1,4,0,5,4,1.16667,0,4,2.33333,56.2857,14,5,60
"Ar041","0",4,12,21,1.8,1.2,73.4285714285714,2,3,0.833333333333333,1.66666666666667,0.333333333333333,1,0.5,40,4,1,1,3,2,12,5,0.833333,0.333333,1,1.66667,73.4286,9,6,21
"Ar042","0",4,16,24,1.6,2,39,0,3,0,1.16666666666667,0,0.666666666666667,0.8125,41,4,0,1,3,0,16,4,0,0,0.666667,1.16667,39,8,10,24
"Ar043","1",4,18,32,2.4,2.2,45.7142857142857,1,3,3,0.5,4,0,0.625,42,4,0,1,3,1,18,2,3,4,0,0.5,45.7143,12,11,32
"Ar044","0",5,5,45,2,1.4,94.1428571428571,0,3,0,3,0,3,0.75,43,5,0,1,3,0,5,4,0,0,3,3,94.1429,10,7,45
"Ar045","1",5,5,48,3.8,2,67.1428571428571,3,4,3.5,3.33333333333333,4,4,0,44,5,0,1,4,3,5,7,3.5,4,4,3.33333,67.1429,19,10,48
"Ar046","1",1,7,56,NA,1,98.5714285714286,1,3,0.2,3.6,0,4,0.666666666666667,45,1,1,1,3,1,7,2,0.2,0,4,3.6,98.5714,4.98949635128513,5,56
"Ar047","0",4,8,35,2.4,1.8,83.4285714285714,0,2,0.833333333333333,1.5,0,2.66666666666667,0.625,46,4,1,1,2,0,8,8,0.833333,0,2.66667,1.5,83.4286,12,9,35
"Ar048","0",1,10,32,2,2.2,66,0,2,0.333333333333333,2,0,0,0.625,47,1,1,1,2,0,10,7,0.333333,0,0,2,66,10,11,32
"Ar049","1",5,13,49,2,2.2,58,1,3,1.16666666666667,2.83333333333333,0,3,0.125,48,5,0,1,3,1,13,6,1.16667,0,3,2.83333,58,10,11,49
"Ar050","0",5,11,32,3.8,2,87,0,0,0.666666666666667,1.33333333333333,1.66666666666667,0,0.428571428571429,49,5,1,1,0,0,11,2,0.666667,1.66667,0,1.33333,87,19,8,32
"Ar051","1",NA,5,58,1,1,99.2857142857143,2,2,0.333333333333333,3.33333333333333,0.666666666666667,4,0.75,50,5,0,1,2,2,5,4,0.333333,0.666667,4,3.33333,99.2857,5,5,58
"Ar052","0",NA,12,44,3,2.4,46.7142857142857,1,2,1,2.66666666666667,1.66666666666667,2.33333333333333,0.5,51,4,1,1,2,1,12,2,1,1.66667,2.33333,2.66667,46.7143,15,12,44
"Ar053","0",4,9,53,2,3,5.85714285714286,0,4,0,3.66666666666667,0.333333333333333,2.33333333333333,0.5,52,4,1,1,4,0,9,4,0,0.333333,2.33333,3.66667,5.85714,10,15,53
"Ar054","0",5,15,30,1.6,3.6,91.1428571428571,1,2,0.833333333333333,2.16666666666667,1.33333333333333,2.33333333333333,0.125,53,5,0,1,2,1,15,7,0.833333,1.33333,2.33333,2.16667,91.1429,8,18,30
"Ar055","1",4,5,60,1.6,6,14.1428571428571,0,2,1.6,2,0,2.66666666666667,0,54,4,0,1,2,0,5,0,1.6,0,2.66667,2,14.1429,8,30,60
"Ar056","1",5,13,48,3,3,50.1428571428571,1,2,1.16666666666667,2.16666666666667,1,2,0.375,55,5,0,1,2,1,13,6,1.16667,1,2,2.16667,50.1429,15,15,48
"Ar057","1",5,15,51,5.2,1.2,30,0,1,0.166666666666667,0.333333333333333,0,2.33333333333333,0.625,56,5,0,1,1,0,15,7,0.166667,0,2.33333,0.333333,30,26,6,51
"Ar058","1",4,8,49,1,1,90,0,3,0.333333333333333,2.5,0.333333333333333,2.33333333333333,0.75,57,4,1,1,3,0,8,1,0.333333,0.333333,2.33333,2.5,90,5,5,49
"Ar059","0",4,8,33,3,3.2,33.8571428571429,0,NA,2.5,0,2,0,0.25,58,4,1,1,1.46319481717419,0,8,10,2.5,2,0,0,33.8571,15,16,33
"Ar060","1",2,7,47,1.2,1.6,98.7142857142857,0,3,0,3,0,3,0.428571428571429,59,2,0,1,3,0,7,4,0,0,3,3,98.7143,6,8,47
"Ar061","0",4,8,44,3,4.2,42,3,2,0.666666666666667,3.5,1.33333333333333,2.66666666666667,0.5,60,4,0,0,2,3,8,9,0.666667,1.33333,2.66667,3.5,42,15,21,44
"Bs062","0",5,8,55,3.2,2.2,70.1428571428571,1,3,0.833333333333333,3.16666666666667,0.333333333333333,4,0.625,61,5,1,0,3,1,8,13,0.833333,0.333333,4,3.16667,70.1429,16,11,55
"Bs063","0",1,17,40,2.2,2,90.5714285714286,1,3,1.16666666666667,2.83333333333333,0,2.33333333333333,0.875,62,1,1,0,3,1,17,1,1.16667,0,2.33333,2.83333,90.5714,11,10,40
"Bs064","1",1,9,40,2.8,2,98.4285714285714,0,4,0,4,0,4,0.6875,63,1,1,0,4,0,9,3,0,0,4,4,98.4286,14,10,40
"Bs066a","0",1,10,38,2.2,1.4,93,3,3,0.5,3.66666666666667,0.333333333333333,2.66666666666667,0.625,64,1,0,0,3,3,10,9,0.5,0.333333,2.66667,3.66667,93,11,7,38
"Bs067","0",4,23,25,4.2,4.4,90,3,3,3.66666666666667,1.33333333333333,3,1.33333333333333,0.625,65,4,1,0,3,3,23,14,3.66667,3,1.33333,1.33333,90,21,22,25
"Bs068","1",NA,7,30,1.6,1.6,57.8571428571429,1,1,0.333333333333333,0.666666666666667,0,1.33333333333333,0.5,66,1,1,0,1,1,7,4,0.333333,0,1.33333,0.666667,57.8571,8,8,30
"Bs069","0",1,7,45,1.6,1.6,91.2857142857143,1,3,1.83333333333333,2.33333333333333,0.333333333333333,3.66666666666667,0.625,67,1,0,0,3,1,7,6,1.83333,0.333333,3.66667,2.33333,91.2857,8,8,45
"Bs070","1",NA,5,52,2,1.8,98.8571428571429,1,3,0.5,2.83333333333333,0,2.33333333333333,1,68,5,0,0,3,1,5,6,0.5,0,2.33333,2.83333,98.8571,10,9,52
"Bs071","0",5,7,36,1.2,1,96,0,2,0.5,2.33333333333333,0,1.66666666666667,0.5,69,5,1,0,2,0,7,2,0.5,0,1.66667,2.33333,96,6,5,36
"Bs072","1",1,13,43,2,1.4,95,4,2,3.5,1.66666666666667,3,1.66666666666667,0.625,70,1,1,0,2,4,13,13,3.5,3,1.66667,1.66667,95,10,7,43
"Bs073","1",NA,NA,NA,NA,NA,98,3,2,2,1.33333333333333,NA,NA,0.25,71,5,1,0,2,3,11.7115029405948,7,2,1.37421952870055,1.52298658688176,1.33333,98,11.6699619147711,8.43137658376251,37.9010904094345
"Bs074","1",3,6,50,1.8,1.8,87.7142857142857,2,4,0.5,3.66666666666667,0,3.66666666666667,0.5,72,3,1,0,4,2,6,2,0.5,0,3.66667,3.66667,87.7143,9,9,50
"Bs075","0",3,6,58,1.6,1.8,90,1,3,0.333333333333333,3.33333333333333,0,3.66666666666667,1,73,3,1,0,3,1,6,3,0.333333,0,3.66667,3.33333,90,8,9,58
"Bs076","1",5,7,36,2.4,1.4,94.8571428571429,1,2,0.333333333333333,1.83333333333333,0,1.33333333333333,1,74,5,1,0,2,1,7,5,0.333333,0,1.33333,1.83333,94.8571,12,7,36
"Bs077","1",3,9,56,1.2,1,98.5714285714286,1,2,0.833333333333333,2.5,0.333333333333333,2.33333333333333,0.5,75,3,1,0,2,1,9,7,0.833333,0.333333,2.33333,2.5,98.5714,6,5,56
"Bs078","1",NA,NA,NA,NA,NA,NA,1,3,0.5,3,NA,NA,NA,76,4,1,0,3,1,8.68050840454903,4,0.5,0.393119127996863,2.82538332982608,3,76.9542300618349,8.24353341507733,8.10052384721806,44.4594822754439
"Bs079","1",1,8,48,1.4,1,80.7142857142857,0,3,0.166666666666667,1.83333333333333,0,2,0.5,77,1,0,0,3,0,8,4,0.166667,0,2,1.83333,80.7143,7,5,48
"Bs080","1",5,10,48,1.2,1.4,75.2857142857143,1,2,0.5,1.66666666666667,0.333333333333333,2,0.5,78,5,1,0,2,1,10,6,0.5,0.333333,2,1.66667,75.2857,6,7,48
"Bs081","0",4,13,18,3.6,3.2,63,0,2,0,1.5,0,0,0.5,79,4,1,0,2,0,13,7,0,0,0,1.5,63,18,16,18
"Bs083","1",NA,16,NA,3,NA,65,4,2,3.16666666666667,2.16666666666667,1,3,0.875,80,5,0,0,2,4,16,11,3.16667,1,3,2.16667,65,15,13.2836574606859,48.2213844647959
"Bs084","1",2,12,43,2.8,1,64.8571428571429,0,4,2.33333333333333,2.16666666666667,2,2,0.125,81,2,1,0,4,0,12,6,2.33333,2,2,2.16667,64.8571,14,5,43
"Bs085","0",NA,NA,NA,NA,NA,NA,0,1,0,0.5,NA,NA,NA,82,3,1,0,1,0,10.6352821820251,6,0,0.109015832211389,0.379030764467097,0.5,80.6974223557768,11.5046629593125,8.88510658739388,29.1614135823744
"Bs086","0",1,12,44,1.2,1,90,0,3,0,2.66666666666667,0,3,0.5,83,1,1,0,3,0,12,4,0,0,3,2.66667,90,6,5,44
"Bs087","0",5,10,39,1.4,1.2,60.2857142857143,1,0,0.5,0,0.666666666666667,0.333333333333333,0.75,84,5,1,0,0,1,10,12,0.5,0.666667,0.333333,0,60.2857,7,6,39
"Bs088","0",5,16,37,5.6,4.6,89.5714285714286,0,2,0,1,1,2.66666666666667,0.75,85,5,1,0,2,0,16,14,0,1,2.66667,1,89.5714,28,23,37
"Bs089a","1",1,5,41,1,1.4,100,0,2,0,2.66666666666667,0,3,0.75,86,1,1,0,2,0,5,8,0,0,3,2.66667,100,5,7,41
"Bs090","1",NA,NA,NA,NA,NA,82,0,2,0.333333333333333,1.33333333333333,NA,NA,1,87,5,1,0,2,0,9.78960969018931,8,0.333333,0.262052207158788,1.3446807053295,1.33333,82,13.1523756090313,9.49170321630785,37.4888167228183
"Bt091","1",3,9,57,2,1.2,97,1,3,0.5,3.33333333333333,0.333333333333333,3.66666666666667,0.5,88,3,0,0,3,1,9,3,0.5,0.333333,3.66667,3.33333,97,10,6,57
"Bt092","1",NA,NA,NA,1.6,NA,100,2,4,1,3.83333333333333,NA,NA,1,89,4,0,0,4,2,9.20774959569783,5,1,0.529056182911592,3.62256710240008,3.83333,100,8,7.71479798079846,50.7661841118885
"Bt093","1",3,9,36,2,1.6,73.1428571428571,0,1,0,1.83333333333333,0,1,0.625,90,3,1,0,1,0,9,4,0,0,1,1.83333,73.1429,10,8,36
"Bt094","0",1,5,47,1.8,1,99.8571428571429,0,4,0,3.66666666666667,0,4,1,91,1,1,0,4,0,5,8,0,0,4,3.66667,99.8571,9,5,47
"Bt095","0",NA,NA,NA,NA,NA,NA,1,2,1,2.5,NA,NA,NA,92,3,0,0,2,1,10.9323846774964,6,1,0.745407366345732,2.36940958599884,2.5,86.1582026689317,10.4736046100117,10.5018703553936,43.4176415505025
"Bt096","1",NA,6,47,1.8,1.6,90,1,3,1.5,2.16666666666667,1.33333333333333,1.33333333333333,0.75,93,5,0,0,3,1,6,1,1.5,1.33333,1.33333,2.16667,90,9,8,47
"Bt097","1",1,10,48,1.6,2.2,87.5714285714286,1,3,0.166666666666667,2.66666666666667,0,2.66666666666667,0.6875,94,1,1,0,3,1,10,8,0.166667,0,2.66667,2.66667,87.5714,8,11,48
"Bt098","0",NA,NA,NA,NA,NA,98.3333333333333,0,4,0,4,NA,NA,0,95,5,0,0,4,0,5.9647079756343,1,0,-0.204089205627614,3.90478475674641,4,98.3333,7.93431630341458,6.61092277139628,54.4590830331277
"Bt099","0",5,16,18,1.8,1.4,91.5714285714286,0,2,1,0.833333333333333,1,0,0.8125,96,5,0,0,2,0,16,3,1,1,0,0.833333,91.5714,9,7,18
"Bt100","1",1,9,47,1,1,92.2857142857143,1,4,1.33333333333333,3.33333333333333,1,4,0.8125,97,1,1,0,4,1,9,8,1.33333,1,4,3.33333,92.2857,5,5,47
"Bt101","1",5,12,45,2.6,2,99.7142857142857,1,3,0.333333333333333,3.66666666666667,0,4,0.75,98,5,1,0,3,1,12,9,0.333333,0,4,3.66667,99.7143,13,10,45
"Bt102","1",NA,NA,NA,1.2,NA,100,0,4,0,4,NA,NA,0.5,99,3,1,0,4,0,6.98074254657454,1,0,-0.00158189225503458,3.81025294544613,4,100,6,6.15433560206021,51.7803297455832
"Bt103","0",4,5,60,2,1,84.1428571428571,0,4,0,4,0,4,0.75,100,4,0,0,4,0,5,8,0,0,4,4,84.1429,10,5,60
"Bt104","1",2,8,43,1.8,1,84.5714285714286,3,2,2.5,2,1,2.66666666666667,0.6875,101,2,1,0,2,3,8,13,2.5,1,2.66667,2,84.5714,9,5,43
"Bt105","0",5,12,54,2.2,1.6,67.1428571428571,1,2,0.5,0.333333333333333,0,0,0.875,102,5,1,0,2,1,12,10,0.5,0,0,0.333333,67.1429,11,8,54
"Bt106","0",NA,NA,NA,NA,NA,65,2,3,1.5,3,NA,NA,NA,103,4,1,0,3,2,11.5722452495912,10,1.5,1.22090851609204,2.77181885884434,3,65,11.4620674275794,11.6735695803953,44.6360509309152
"Bt107","0",3,10,47,2.2,2.4,92.8571428571429,1,4,1.16666666666667,2.83333333333333,1,3.66666666666667,0.75,104,3,1,0,4,1,10,3,1.16667,1,3.66667,2.83333,92.8571,11,12,47
"Bt108","1",5,8,36,3.6,1.6,71,1,3,0.333333333333333,2.33333333333333,0.333333333333333,1,0.875,105,5,0,0,3,1,8,7,0.333333,0.333333,1,2.33333,71,18,8,36
"Bt109","1",4,7,18,4.6,1.6,60.7142857142857,1,4,1.5,2,1.66666666666667,1,0.75,106,4,1,0,4,1,7,13,1.5,1.66667,1,2,60.7143,23,8,18
"Bt110","1",1,8,55,3.2,4.6,90.5714285714286,1,3,1,2.33333333333333,0.666666666666667,2.66666666666667,0.625,107,1,1,0,3,1,8,11,1,0.666667,2.66667,2.33333,90.5714,16,23,55
"Bt111","1",3,9,43,2,1.8,66.7142857142857,0,3,0.166666666666667,2,0,1.66666666666667,0.625,108,3,1,0,3,0,9,8,0.166667,0,1.66667,2,66.7143,10,9,43
"Bt112","0",5,21,16,NA,6,28,2,3,2.33333333333333,2.66666666666667,4,1.33333333333333,1,109,5,0,0,3,2,21,11,2.33333,4,1.33333,2.66667,28,26.6476594615308,30,16
"Bt113","0",4,7,52,1.2,1.2,96.1428571428571,0,4,0,4,0.666666666666667,4,0.625,110,4,1,0,4,0,7,1,0,0.666667,4,4,96.1429,6,6,52
"Bt114","0",5,5,60,1,1,100,0,4,0,4,0,4,0.875,111,5,0,0,4,0,5,0,0,0,4,4,100,5,5,60
"Bt115","1",1,13,36,1.6,1.2,90.4285714285714,1,3,1.16666666666667,2.5,0,3,0.75,112,1,1,0,3,1,13,11,1.16667,0,3,2.5,90.4286,8,6,36
"Bt116","0",NA,NA,NA,NA,NA,NA,2,3,1.5,2.5,NA,NA,NA,113,4,0,0,3,2,10.8006681383875,6,1.5,1.00284940459374,2.26635153979234,2.5,69.0653510965644,10.5364032161714,10.2361371745391,41.0245847702355
"Bt117","0",4,10,35,2.2,1.8,63,2,2,0.666666666666667,2.66666666666667,1,3.66666666666667,0.5,114,4,1,0,2,2,10,11,0.666667,1,3.66667,2.66667,63,11,9,35
"Bt118","1",NA,NA,NA,NA,NA,NA,0,3,0,3,NA,NA,NA,115,2,0,0,3,0,4.81452170720781,0,0,-0.094527057645142,3.10239090250994,3,91.7480154759177,7.37934023938203,3.35223432172759,47.7849091287362
"Bt119","0",NA,NA,NA,NA,NA,41.8571428571429,2,3,1.8,1.6,NA,NA,0.6,116,1,1,0,3,2,14.2498745458025,15,1.8,1.45206109813099,1.65181201902109,1.6,41.8571,17.4377632767518,14.1798221569284,32.5826175309689
"Bt120b","0",NA,NA,NA,NA,NA,71.25,1,3,1.33333333333333,2.66666666666667,NA,NA,0.5,117,4,1,0,3,1,11.30275686948,9,1.33333,1.11475268085382,2.52311481332938,2.66667,71.25,11.7942697928751,11.2922352956016,43.0811409802482
"Bt121","1",5,12,50,4.4,3.6,40.2857142857143,1,0,1.66666666666667,1.5,0,3.33333333333333,0.625,118,5,0,0,0,1,12,9,1.66667,0,3.33333,1.5,40.2857,22,18,50
"Bt122","1",NA,NA,NA,NA,NA,100,0,0,0,1,NA,NA,NA,119,3,0,0,0,0,11.2625736720574,9,0,0.0152741181163779,0.815697320346856,1,100,11.2128874353978,10.108074582098,35.6581071237722
"Bu123","1",5,5,44,1,1,100,0,2,0,1.66666666666667,0.333333333333333,1.33333333333333,0.75,120,5,0,0,2,0,5,4,0,0.333333,1.33333,1.66667,100,5,5,44
"Bu124","0",4,11,52,2,1,91.5714285714286,0,3,0.166666666666667,2.16666666666667,0.333333333333333,3,0.625,121,4,0,0,3,0,11,1,0.166667,0.333333,3,2.16667,91.5714,10,5,52
"Bu125","0",NA,NA,NA,1.8,NA,96.5714285714286,0,3,0,2.83333333333333,NA,NA,0.625,122,1,0,0,3,0,7.04577101649336,0,0,-0.145450145127863,2.88963680845051,2.83333,96.5714,9,6.46687847453446,42.1900977771346
"Bu126","1",NA,NA,NA,2,NA,95.5714285714286,1,4,0.333333333333333,4,NA,NA,0.4375,123,1,0,0,4,1,8.76000602414041,7,0.333333,0.0689874252529664,3.93181957433429,4,95.5714,10,8.38485466716683,50.2262905754274
"Bu127","1",NA,NA,NA,3.2,NA,74,1,2,1,0.666666666666667,NA,NA,0.125,124,5,1,0,2,1,12.8801730726274,14,1,0.777997362871304,0.638864372680775,0.666667,74,16,11.6200824710314,32.8942459001042
"Bu128","0",5,6,58,1.6,1.6,97.2857142857143,1,4,0.666666666666667,4,0,4,0.8125,125,5,1,0,4,1,6,8,0.666667,0,4,4,97.2857,8,8,58
"Bu129","0",4,8,49,1.4,1.4,86.8571428571429,1,4,0.5,3.33333333333333,0,3,0.5,126,4,1,0,4,1,8,7,0.5,0,3,3.33333,86.8571,7,7,49
"Bu130","0",NA,NA,NA,NA,NA,70,0,1,0,1,NA,NA,0.5,127,5,1,0,1,0,9.39085709210021,6,0,0.0899278396579872,0.964081574846613,1,70,12.8384724192489,9.72092357651851,34.5377746482435
"Bu131","0",NA,NA,NA,NA,NA,27.2857142857143,3,1,2.6,0.6,NA,NA,0.8,128,4,1,0,1,3,13.668044321452,7,2.6,2.1676270283564,0.456508173540667,0.6,27.2857,14.1231834772258,13.8518028004003,26.866547574125
"Bu132","1",NA,10,34,3,3,58.2857142857143,3,2,3,1.33333333333333,2,1.66666666666667,0.125,129,1,0,0,2,3,10,12,3,2,1.66667,1.33333,58.2857,15,15,34
"Bu133","1",NA,NA,NA,1,NA,83.7142857142857,0,4,0,3.66666666666667,NA,NA,0.25,130,1,1,0,4,0,7.0472377806746,5,0,-0.0566160019976142,3.66475589193881,3.66667,83.7143,5,5.33925792902937,48.414065835683
"Bu134","1",NA,NA,NA,3.2,NA,52.2857142857143,0,4,0.666666666666667,3.66666666666667,NA,NA,0.75,131,5,0,0,4,0,8.01373318330205,0,0.666667,0.578688926594144,3.43227040152083,3.66667,52.2857,16,12.9836041513182,47.5938033022872
"Bu135","0",NA,NA,NA,NA,NA,84,2,4,2.8,2.6,NA,NA,0.166666666666667,132,1,1,0,4,2,13.2432440380789,12,2.8,2.09537575560754,2.77119479772145,2.6,84,12.8833485883425,11.1927178576823,42.166480627125
"Bu136","0",5,9,59,1.4,1.6,99.7142857142857,1,1,0.333333333333333,1.5,0,3.33333333333333,0.75,133,5,1,0,1,1,9,7,0.333333,0,3.33333,1.5,99.7143,7,8,59
"Bu137","1",3,9,37,2.2,1.6,80.8571428571429,1,2,0.5,2.16666666666667,0.333333333333333,1.66666666666667,0.75,134,3,1,0,2,1,9,5,0.5,0.333333,1.66667,2.16667,80.8571,11,8,37
"Bu139","1",1,7,47,2.4,2,90,0,2,0.166666666666667,2,0,2,0.5,135,1,1,0,2,0,7,5,0.166667,0,2,2,90,12,10,47
"Bu140","1",3,17,52,1.6,2.8,91.8571428571429,1,4,1.5,3.16666666666667,1.66666666666667,3.33333333333333,0.625,136,3,1,0,4,1,17,10,1.5,1.66667,3.33333,3.16667,91.8571,8,14,52
"Bu141","0",1,8,36,3.4,1.6,97.2857142857143,1,2,0.166666666666667,1.66666666666667,0,1.66666666666667,0.8125,137,1,1,0,2,1,8,6,0.166667,0,1.66667,1.66667,97.2857,17,8,36
"Bu142","1",NA,NA,NA,1.2,NA,88.4285714285714,1,4,0.666666666666667,3.66666666666667,NA,NA,0.625,138,4,1,0,4,1,8.52825572431557,7,0.666667,0.409284862422202,3.51556209617054,3.66667,88.4286,6,6.85736540792063,50.5567728270663
"Bu143","0",NA,NA,NA,3.2,NA,78.5714285714286,0,0,0,0.166666666666667,NA,NA,0.875,139,5,1,0,0,0,10.3788091153907,6,0,0.168436539261682,0.135496505772224,0.166667,78.5714,16,11.0087413033902,28.9459447203185
"Bu144","1",3,7,53,1.2,1.2,89.1428571428571,0,4,0,4,0,4,0.5,140,3,0,0,4,0,7,2,0,0,4,4,89.1429,6,6,53
"Bu145","1",5,21,44,2.2,1,86.8571428571429,1,2,2.16666666666667,1,0.666666666666667,2.33333333333333,1,141,5,1,0,2,1,21,7,2.16667,0.666667,2.33333,1,86.8571,11,5,44
"Bu146","0",NA,9,NA,2,NA,100,0,4,0,4,0,4,0.75,142,3,1,0,4,0,9,13,0,0,4,4,100,10,9.70083708112245,55.014074043565
"Bu147","1",5,7,53,1.6,1.4,100,1,3,0.333333333333333,3.16666666666667,0,3,0.75,143,5,0,0,3,1,7,2,0.333333,0,3,3.16667,100,8,7,53
"Bu148","1",1,8,43,2.2,1.8,97,1,1,0.5,1.16666666666667,0,0.666666666666667,0.25,144,1,0,0,1,1,8,13,0.5,0,0.666667,1.16667,97,11,9,43
"Bu149","0",NA,NA,NA,3.4,NA,99.8571428571429,3,2,2.16666666666667,1.16666666666667,NA,NA,0.25,145,5,1,0,2,3,13.4557234463607,10,2.16667,1.57449720673734,1.33686963343318,1.16667,99.8571,17,11.5283415413238,36.1926018672942
"Bu150","1",NA,NA,NA,5.6,NA,34.2857142857143,2,1,2.16666666666667,0.5,NA,NA,0.5,146,4,1,0,1,2,16.2185141722514,11,2.16667,2.02337783507393,0.375636412300382,0.5,34.2857,28,21.1079932327617,24.1682276619649
"Bu151","1",5,8,40,1.8,1.4,68.1428571428571,1,3,0.666666666666667,2.33333333333333,0,0.666666666666667,0.5,147,5,1,0,3,1,8,4,0.666667,0,0.666667,2.33333,68.1429,9,7,40
"Bu152","0",1,17,19,3,5.4,11.5714285714286,2,2,2,1.66666666666667,3.66666666666667,0.666666666666667,0.25,148,1,1,0,2,2,17,12,2,3.66667,0.666667,1.66667,11.5714,15,27,19
"Bu153","0",3,7,59,2.2,1.2,93.2857142857143,0,4,0,3.16666666666667,0,3,0.625,149,3,1,0,4,0,7,0,0,0,3,3.16667,93.2857,11,6,59
"Cv154","1",NA,7,50,1,1,99.4285714285714,0,3,0,2.66666666666667,0,3,1,150,3,1,0,3,0,7,0,0,0,3,2.66667,99.4286,5,5,50
"Cv155","0",3,9,41,1.8,1,83.5714285714286,0,3,1.16666666666667,1.83333333333333,0,2,0.875,151,3,1,0,3,0,9,1,1.16667,0,2,1.83333,83.5714,9,5,41
"Cv156","0",5,12,47,1.8,1.6,38.5714285714286,2,3,3,1.5,1.33333333333333,2.66666666666667,0.75,152,5,0,0,3,2,12,11,3,1.33333,2.66667,1.5,38.5714,9,8,47
"Cv157","1",NA,8,30,3,2,76.5714285714286,1,3,0.833333333333333,1.33333333333333,0.666666666666667,0.333333333333333,0.5,153,5,1,0,3,1,8,8,0.833333,0.666667,0.333333,1.33333,76.5714,15,10,30
"Cv158","1",NA,5,14,3,1.4,80.8571428571429,0,2,0,0.666666666666667,0,2.33333333333333,0.375,154,1,1,0,2,0,5,4,0,0,2.33333,0.666667,80.8571,15,7,14
"Cv159","0",5,5,44,1.8,2.2,91.7142857142857,1,2,0.666666666666667,2,0,1.66666666666667,0.75,155,5,0,0,2,1,5,4,0.666667,0,1.66667,2,91.7143,9,11,44
"Cv160","0",3,12,28,1.8,1,77.8571428571429,0,2,0,0.5,0,0,0.5,156,3,0,0,2,0,12,5,0,0,0,0.5,77.8571,9,5,28
"Cv161","1",5,5,54,2.2,3,98.5714285714286,0,4,0.333333333333333,3.66666666666667,0,4,0.875,157,5,0,0,4,0,5,4,0.333333,0,4,3.66667,98.5714,11,15,54
"Cv162","0",5,6,43,1.6,1.2,86.1428571428571,0,4,0.666666666666667,2.83333333333333,0.666666666666667,3.33333333333333,0.625,158,5,1,0,4,0,6,3,0.666667,0.666667,3.33333,2.83333,86.1429,8,6,43
"Cv163","1",3,15,36,2.2,1.8,67.1428571428571,0,4,0.666666666666667,3,1,0.666666666666667,0,159,3,0,0,4,0,15,6,0.666667,1,0.666667,3,67.1429,11,9,36
"Cv164a","1",1,13,19,2.6,2.4,30.8571428571429,0,2,0,0.833333333333333,0,0.333333333333333,0.625,160,1,0,0,2,0,13,5,0,0,0.333333,0.833333,30.8571,13,12,19
"Cv165","1",1,12,26,3.4,1.6,11.1428571428571,2,3,1.16666666666667,1.16666666666667,1,2.33333333333333,0.375,161,1,1,0,3,2,12,6,1.16667,1,2.33333,1.16667,11.1429,17,8,26
"Cv166","1",5,9,42,1.4,1.4,84.1428571428571,1,2,0.666666666666667,2.5,0.333333333333333,1.66666666666667,0.625,162,5,1,0,2,1,9,3,0.666667,0.333333,1.66667,2.5,84.1429,7,7,42
"Cv167","0",NA,11,42,1.4,1,98.4285714285714,2,4,0.333333333333333,3.16666666666667,1.33333333333333,4,0.625,163,5,1,0,4,2,11,4,0.333333,1.33333,4,3.16667,98.4286,7,5,42
"Cv168","0",1,8,39,2.2,2,80.1428571428571,0,3,0.5,1.83333333333333,0.333333333333333,2.33333333333333,0.625,164,1,0,0,3,0,8,2,0.5,0.333333,2.33333,1.83333,80.1429,11,10,39
"Cv169","1",3,11,24,2.6,3,99.2857142857143,1,0,0.166666666666667,0.166666666666667,0,0.666666666666667,0.625,165,3,0,0,0,1,11,6,0.166667,0,0.666667,0.166667,99.2857,13,15,24
"Cv170","1",NA,12,48,1.6,1.4,92.7142857142857,0,3,0.666666666666667,1.5,0,2.33333333333333,0.75,166,5,1,0,3,0,12,1,0.666667,0,2.33333,1.5,92.7143,8,7,48
"Cv171","0",5,8,29,2.4,2.2,69.5714285714286,1,3,1.66666666666667,1.83333333333333,0.666666666666667,2.33333333333333,0.75,167,5,1,0,3,1,8,7,1.66667,0.666667,2.33333,1.83333,69.5714,12,11,29
"Cv172","1",3,13,27,1.2,1,58,0,0,1.33333333333333,0.333333333333333,2.66666666666667,0,0.375,168,3,1,0,0,0,13,8,1.33333,2.66667,0,0.333333,58,6,5,27
"Cv173","0",1,9,27,2.2,1.2,57.7142857142857,1,3,0.833333333333333,3.16666666666667,0.333333333333333,2.66666666666667,0,169,1,0,0,3,1,9,0,0.833333,0.333333,2.66667,3.16667,57.7143,11,6,27
"Cv174","1",1,10,28,2.8,2.6,77.5714285714286,1,3,0.166666666666667,2.83333333333333,0.333333333333333,2.33333333333333,0.625,170,1,1,0,3,1,10,6,0.166667,0.333333,2.33333,2.83333,77.5714,14,13,28
"Cv175","1",5,11,39,3.2,2,79.1428571428571,1,2,0.166666666666667,1,0,0,0.75,171,5,1,0,2,1,11,6,0.166667,0,0,1,79.1429,16,10,39
"Cv176","0",1,9,30,2.2,2,64.8571428571429,2,2,2.5,1.5,2,1.66666666666667,0.625,172,1,0,0,2,2,9,6,2.5,2,1.66667,1.5,64.8571,11,10,30
"Cv177","0",5,6,46,1.6,1.2,94.2857142857143,1,2,0.833333333333333,1.66666666666667,0.333333333333333,2,0.875,173,5,1,0,2,1,6,1,0.833333,0.333333,2,1.66667,94.2857,8,6,46
"Cv178","0",5,11,43,1.6,1.6,31.5714285714286,2,3,2,2.5,2,2.66666666666667,0.625,174,5,1,0,3,2,11,2,2,2,2.66667,2.5,31.5714,8,8,43
"Cv179","0",NA,7,43,1.2,1,96,2,2,1,2.16666666666667,0,2,0.75,175,5,0,0,2,2,7,4,1,0,2,2.16667,96,6,5,43
"Cv180","0",5,15,24,2.8,2.6,93,1,2,1.16666666666667,1.33333333333333,1.33333333333333,0.333333333333333,0.75,176,5,1,0,2,1,15,3,1.16667,1.33333,0.333333,1.33333,93,14,13,24
"Cv181","0",4,17,20,6,5,29.1428571428571,0,2,0.166666666666667,0.666666666666667,0,0,0.625,177,4,1,0,2,0,17,14,0.166667,0,0,0.666667,29.1429,30,25,20
"Cv182","1",1,13,49,1.8,2,82.7142857142857,1,4,0.833333333333333,2.83333333333333,0.333333333333333,2,0.5,178,1,1,0,4,1,13,8,0.833333,0.333333,2,2.83333,82.7143,9,10,49
"Cv183","1",NA,9,45,2.4,2,96.2857142857143,1,2,2,2,2,2,0.625,179,1,0,0,2,1,9,7,2,2,2,2,96.2857,12,10,45
"Cv184","1",5,9,42,2.2,2.4,96,2,3,2.16666666666667,3,1.33333333333333,2.33333333333333,0.625,180,5,0,0,3,2,9,7,2.16667,1.33333,2.33333,3,96,11,12,42
"Cv185","0",5,6,35,3.8,1.8,69.4285714285714,2,2,2.33333333333333,0.833333333333333,1.33333333333333,0.333333333333333,0.875,181,5,1,0,2,2,6,9,2.33333,1.33333,0.333333,0.833333,69.4286,19,9,35
"Cw186","0",3,8,20,2.2,2,78.1428571428571,0,2,0.333333333333333,1,1,1,0.375,182,3,1,0,2,0,8,6,0.333333,1,1,1,78.1429,11,10,20
"Cw187","1",NA,9,29,3,2.6,82.2857142857143,1,3,0.333333333333333,1.83333333333333,1.33333333333333,0.666666666666667,0.875,183,4,0,0,3,1,9,6,0.333333,1.33333,0.666667,1.83333,82.2857,15,13,29
"Cw188","0",NA,17,24,2.4,2.2,91.8571428571429,1,0,0.666666666666667,0.833333333333333,1.33333333333333,0,0.5,184,3,1,0,0,1,17,8,0.666667,1.33333,0,0.833333,91.8571,12,11,24
"Cw189","0",5,15,38,2.6,2,89,2,3,2.33333333333333,2.33333333333333,2,2,0.5,185,5,0,0,3,2,15,7,2.33333,2,2,2.33333,89,13,10,38
"Cw190a","1",NA,NA,NA,4,NA,47.4285714285714,3,2,1.5,2.16666666666667,NA,NA,0.75,186,4,0,0,2,3,12.8661874983521,6,1.5,1.19496468440121,1.90918148918032,2.16667,47.4286,20,16.0701018758723,35.0580761887282
"Cw191","0",NA,7,NA,1.4,NA,90.4285714285714,0,3,0.166666666666667,2.16666666666667,0,3,0.5,187,5,1,0,3,0,7,7,0.166667,0,3,2.16667,90.4286,7,5.58643302558072,47.0122905651742
"Cw192","1",4,10,23,1.8,1.8,40.4285714285714,1,3,1.5,1.66666666666667,0.666666666666667,3.66666666666667,0.25,188,4,1,0,3,1,10,2,1.5,0.666667,3.66667,1.66667,40.4286,9,9,23
"Cw193","0",NA,7,16,5.6,4.8,53.5714285714286,0,3,0,1,0,0,0.5,189,5,0,0,3,0,7,6,0,0,0,1,53.5714,28,24,16
"Cw194","0",1,6,31,1.8,1.4,69.4285714285714,0,2,0.333333333333333,1.83333333333333,0,2.33333333333333,0.875,190,1,0,0,2,0,6,3,0.333333,0,2.33333,1.83333,69.4286,9,7,31
"Cw195","0",1,13,42,2.4,1.4,89.1428571428571,1,4,0.333333333333333,2.83333333333333,0.666666666666667,1.33333333333333,0.5,191,1,0,0,4,1,13,11,0.333333,0.666667,1.33333,2.83333,89.1429,12,7,42
"Cw196","0",1,6,48,1.2,1,75.1428571428571,1,4,0.333333333333333,3.66666666666667,0,3.33333333333333,0.25,192,1,0,0,4,1,6,2,0.333333,0,3.33333,3.66667,75.1429,6,5,48
"Cw197","1",NA,7,46,1.6,1,96.5714285714286,0,3,0.166666666666667,2.83333333333333,0,3,0.625,193,1,0,0,3,0,7,3,0.166667,0,3,2.83333,96.5714,8,5,46
"Cw198","1",3,10,22,2.4,1.2,89.8571428571429,1,2,0.833333333333333,0.833333333333333,0.333333333333333,0.333333333333333,1,194,3,1,0,2,1,10,3,0.833333,0.333333,0.333333,0.833333,89.8571,12,6,22
"Cw199","0",1,20,29,NA,3.4,44.5,3,0,3.25,0.5,3.33333333333333,0,1,195,1,1,0,0,3,20,12,3.25,3.33333,0,0.5,44.5,16.5319890057105,17,29
"Cw200","1",5,8,37,2.2,1.8,98.5714285714286,0,4,0,2.83333333333333,0,2.66666666666667,0.75,196,5,1,0,4,0,8,6,0,0,2.66667,2.83333,98.5714,11,9,37
"Cw201","0",5,6,27,2.2,1.6,81.2857142857143,0,2,0.166666666666667,1.16666666666667,0,1.66666666666667,0.25,197,5,0,0,2,0,6,3,0.166667,0,1.66667,1.16667,81.2857,11,8,27
"Cw202","1",NA,7,40,1.6,1.2,79.1428571428571,1,2,1,1.83333333333333,1,1.66666666666667,0.625,198,5,0,0,2,1,7,9,1,1,1.66667,1.83333,79.1429,8,6,40
"Cw203","0",5,6,45,3.6,1,31.4285714285714,0,3,0,1,0,1,0.625,199,5,1,0,3,0,6,11,0,0,1,1,31.4286,18,5,45
"Cw204","1",1,6,51,1.4,1,97.4285714285714,0,4,0.666666666666667,2.66666666666667,0.666666666666667,3,0.375,200,1,0,0,4,0,6,1,0.666667,0.666667,3,2.66667,97.4286,7,5,51
"Cw205","1",NA,8,37,1,1.2,100,1,3,0.166666666666667,2.16666666666667,0,2.33333333333333,0.25,201,4,1,0,3,1,8,5,0.166667,0,2.33333,2.16667,100,5,6,37
"Cw206","0",5,5,23,1,1,98.8571428571429,0,1,0,0.333333333333333,0,0,0.75,202,5,1,0,1,0,5,2,0,0,0,0.333333,98.8571,5,5,23
"Cw207","1",1,5,12,1,1,27.5,2,1,0.666666666666667,0.333333333333333,0,0,0,203,1,0,0,1,2,5,9,0.666667,0,0,0.333333,27.5,5,5,12
"Cw208","1",NA,7,17,1,1.4,92.8571428571429,1,3,0.333333333333333,2,0.333333333333333,2.66666666666667,0.5,204,3,1,0,3,1,7,2,0.333333,0.333333,2.66667,2,92.8571,5,7,17
"Cw209","0",3,15,36,3,3,99.8571428571429,0,4,2.16666666666667,3.66666666666667,2.33333333333333,3.33333333333333,0,205,3,0,0,4,0,15,8,2.16667,2.33333,3.33333,3.66667,99.8571,15,15,36
"Cw210","0",NA,5,52,1,1,100,0,3,0,2.66666666666667,0,3,0.875,206,4,0,0,3,0,5,0,0,0,3,2.66667,100,5,5,52
"Cw211","1",5,10,35,2.8,1.4,41.8571428571429,1,2,0.666666666666667,1.5,0.333333333333333,0.666666666666667,0.9375,207,5,1,0,2,1,10,10,0.666667,0.333333,0.666667,1.5,41.8571,14,7,35
"Cw212","0",1,15,24,3.6,1.2,70.5714285714286,0,3,0.166666666666667,2,0,2,0.625,208,1,0,0,3,0,15,9,0.166667,0,2,2,70.5714,18,6,24
"Cw213","1",3,11,38,3.4,1.6,96.7142857142857,0,3,0,3.16666666666667,0,3.33333333333333,0.5,209,3,1,0,3,0,11,5,0,0,3.33333,3.16667,96.7143,17,8,38
"Cw214","1",NA,8,35,2.4,2.2,87.2857142857143,1,3,1.5,2.16666666666667,1,2.66666666666667,0.75,210,5,1,0,3,1,8,4,1.5,1,2.66667,2.16667,87.2857,12,11,35
"Cw215","1",3,21,31,2.2,1.6,82.7142857142857,0,3,0,2.33333333333333,0,2.66666666666667,0.5,211,3,0,0,3,0,21,9,0,0,2.66667,2.33333,82.7143,11,8,31
"Dx216","1",2,6,34,1.8,1,97.8571428571429,0,3,0.166666666666667,2.16666666666667,0,2,0.5,212,2,0,0,3,0,6,2,0.166667,0,2,2.16667,97.8571,9,5,34
"Dx217","1",5,7,52,1,1.2,100,0,4,0,4,0,4,0.875,213,5,1,0,4,0,7,7,0,0,4,4,100,5,6,52
"Dx218","0",5,8,43,2,1.4,99.2857142857143,0,4,0.2,3,0,3.66666666666667,1,214,5,1,0,4,0,8,4.27424699484123,0.2,0,3.66667,3,99.2857,10,7,43
"Dx219","1",3,7,42,3,2.4,96,0,3,0,3.16666666666667,0,3,0.25,215,3,1,0,3,0,7,2,0,0,3,3.16667,96,15,12,42
"Dx220","1",5,6,53,1.4,1.4,98.5714285714286,1,3,1,3.33333333333333,1,2.66666666666667,0.625,216,5,1,0,3,1,6,4,1,1,2.66667,3.33333,98.5714,7,7,53
"Dx221a","1",NA,14,NA,1.6,NA,99.2857142857143,0,0,0.333333333333333,2.5,0,0,0.125,217,3,1,0,0,0,14,5,0.333333,0,0,2.5,99.2857,8,9.98575729877763,38.387905396048
"Dx222","1",4,5,51,1,1,73.5714285714286,1,3,0.166666666666667,3.5,0,3.33333333333333,0.5625,218,4,0,0,3,1,5,1,0.166667,0,3.33333,3.5,73.5714,5,5,51
"Dx223","1",NA,NA,NA,2.6,NA,71.4285714285714,2,2,1.16666666666667,2.83333333333333,NA,NA,0.125,219,4,1,0,2,2,11.2642549873157,8,1.16667,1.01633712765912,2.6266328723499,2.83333,71.4286,13,12.2887988911274,43.4145542685086
"Dx224","0",4,10,39,2.4,1.4,90.1428571428571,1,3,1.5,2.5,0.333333333333333,2,0.625,220,4,0,0,3,1,10,3,1.5,0.333333,2,2.5,90.1429,12,7,39
"Dx225","1",4,9,49,1.6,1,99.4285714285714,0,3,0,2.83333333333333,0,3,0.5625,221,4,1,0,3,0,9,8,0,0,3,2.83333,99.4286,8,5,49
"Dx226","1",NA,NA,NA,NA,NA,100,0,4,0,4,NA,NA,1,222,1,0,0,4,0,7.41612871608385,5,0,-0.172181180761596,3.93308711881352,4,100,7.92665763609947,6.95982620044816,50.9389494828328
"Dx227","0",NA,NA,NA,1.4,NA,97.8571428571429,1,4,0.166666666666667,4,NA,NA,0.75,223,4,0,0,4,1,7.766018442852,4,0.166667,-0.0726781166006047,3.71876941760409,4,97.8571,7,6.90834069595878,51.6632784929917
"Dx228","0",4,17,42,2,2.2,43.1428571428571,1,2,1.66666666666667,1.83333333333333,2.66666666666667,1,0.625,224,4,1,0,2,1,17,14,1.66667,2.66667,1,1.83333,43.1429,10,11,42
"Dx229","0",NA,NA,NA,NA,NA,NA,2,2,1.5,2,NA,NA,NA,225,4,0,0,2,2,11.312078101881,6,1.5,1.03709004870458,1.88205682923459,2,66.1762814169993,11.0037577167763,10.7572790927941,38.5709741408784
"Dx230","1",3,8,46,1.8,1.4,98.2857142857143,1,2,1,2,1,2,0.5625,226,3,1,0,2,1,8,3,1,1,2,2,98.2857,9,7,46
"Dx231","0",5,8,39,1.6,1.4,100,1,2,0.166666666666667,1.5,0,0,0.875,227,5,1,0,2,1,8,6,0.166667,0,0,1.5,100,8,7,39
"Dx232","1",5,17,60,1,1,100,4,4,1,4,0,4,0.625,228,5,1,0,4,4,17,10,1,0,4,4,100,5,5,60
"Dx233","1",4,13,49,1.4,1.2,86.4285714285714,2,2,1.5,2.33333333333333,1,2,0.625,229,4,0,0,2,2,13,2,1.5,1,2,2.33333,86.4286,7,6,49
"Dx234","1",5,14,42,2.75,2.6,64.8571428571429,2,2,2.5,1.16666666666667,1.66666666666667,2.33333333333333,0.3125,230,5,1,0,2,2,14,6,2.5,1.66667,2.33333,1.16667,64.8571,11,13,42
"Dx235","0",3,13,45,2.4,2.2,96.4285714285714,1,2,1.5,1.66666666666667,2,1.33333333333333,0.75,231,3,1,0,2,1,13,4,1.5,2,1.33333,1.66667,96.4286,12,11,45
"Dx236","0",3,8,53,2.6,3.4,96.7142857142857,0,4,0.166666666666667,4,0,4,0.625,232,3,0,0,4,0,8,9,0.166667,0,4,4,96.7143,13,17,53
"Dx237","0",4,16,42,3.6,4.2,8.28571428571429,3,2,2.83333333333333,2.16666666666667,2.33333333333333,2,0.25,233,4,0,0,2,3,16,13,2.83333,2.33333,2,2.16667,8.28571,18,21,42
"Dx238","1",NA,20,NA,1.4,NA,99,4,2,1.16666666666667,3,0,4,0.375,234,1,0,0,2,4,20,11,1.16667,0,4,3,99,7,7.12539955584853,48.4759826095851
"Dx239","1",1,14,54,1.6,1.4,93.2857142857143,1,3,0.5,3.5,0,3.66666666666667,0.5625,235,1,0,0,3,1,14,6,0.5,0,3.66667,3.5,93.2857,8,7,54
"Dx240","0",4,9,43,2.6,2,87.1428571428571,1,2,1,2,0.333333333333333,2,0.75,236,4,0,0,2,1,9,8,1,0.333333,2,2,87.1429,13,10,43
"Dx241","0",4,8,54,NA,1.6,88,1,2,1,2.33333333333333,1,2,1,237,4,1,0,2,1,8,8,1,1,2,2.33333,88,8.1460202330418,8,54
"Dy242","0",3,10,42,2.6,3.4,94.8571428571429,1,2,0.666666666666667,1.5,1.33333333333333,0.666666666666667,0.75,238,3,1,0,2,1,10,5,0.666667,1.33333,0.666667,1.5,94.8571,13,17,42
"Dy243","0",NA,10,40,1.2,1,84.7142857142857,0,2,0.5,2,1,1,0.75,239,3,0,0,2,0,10,8,0.5,1,1,2,84.7143,6,5,40
"Dy244a","0",NA,11,NA,1,NA,81.8571428571429,0,4,0.166666666666667,1.66666666666667,0,0,0.875,240,4,1,0,4,0,11,11,0.166667,0,0,1.66667,81.8571,5,4.8694393932243,32.5679620153376
"Dy245","1",4,6,52,1.6,1.2,67.1428571428571,3,1,1,2.66666666666667,0.333333333333333,2.33333333333333,0,241,4,1,0,1,3,6,11,1,0.333333,2.33333,2.66667,67.1429,8,6,52
"Dy246","1",5,9,39,2,1.4,91.2857142857143,0,3,0.833333333333333,2.33333333333333,1,2.33333333333333,0.375,242,5,1,0,3,0,9,5,0.833333,1,2.33333,2.33333,91.2857,10,7,39
"Dy247","0",NA,5,42,2,1.4,98.1428571428571,0,4,0,4,0,3.66666666666667,0.375,243,3,1,0,4,0,5,4,0,0,3.66667,4,98.1429,10,7,42
"Dy248","1",NA,5,NA,2.4,NA,64.5714285714286,1,2,0.833333333333333,1.83333333333333,0,1,0.625,244,4,1,0,2,1,5,7,0.833333,0,1,1.83333,64.5714,12,10.0182111694163,37.7018793739192
"Dy250","0",NA,10,52,1.4,1.4,99.8571428571429,0,3,0.5,3,0.666666666666667,3,0.75,245,5,0,0,3,0,10,6,0.5,0.666667,3,3,99.8571,7,7,52
"Dy251","1",NA,NA,NA,NA,NA,100,0,2,0,1.5,NA,NA,NA,246,3,1,0,2,0,9.26837008444505,4,0,0.0252590268028146,1.42031390956551,1.5,100,9.11963085397176,6.91717507690278,36.3450191099419
"Dy252","1",4,20,37,2.4,2.8,89.4285714285714,3,3,3.83333333333333,2.83333333333333,4,2.33333333333333,0.625,247,4,1,0,3,3,20,15,3.83333,4,2.33333,2.83333,89.4286,12,14,37
"Dy253","0",3,7,48,1,1,92.7142857142857,1,2,0.833333333333333,2.33333333333333,0,2,0.875,248,3,1,0,2,1,7,6,0.833333,0,2,2.33333,92.7143,5,5,48
"Dy254","0",NA,11,49,1.4,1.2,97.4285714285714,0,3,0,2.66666666666667,0,3,0.5,249,5,1,0,3,0,11,5,0,0,3,2.66667,97.4286,7,6,49
"Dy255","1",5,6,42,1.8,2,52,1,3,1,2.33333333333333,1.66666666666667,2.33333333333333,0.125,250,5,1,0,3,1,6,1,1,1.66667,2.33333,2.33333,52,9,10,42
"Dy256","1",NA,11,46,1.6,1.2,83,2,2,0.833333333333333,1.83333333333333,0,1.66666666666667,0.125,251,1,0,0,2,2,11,6,0.833333,0,1.66667,1.83333,83,8,6,46
"Dy258","1",1,13,50,3,1.4,57.8571428571429,2,4,1.66666666666667,2.83333333333333,0.666666666666667,3.33333333333333,0.75,252,1,0,0,4,2,13,10,1.66667,0.666667,3.33333,2.83333,57.8571,15,7,50
"Dy259","0",NA,10,50,1,1,99.2857142857143,0,4,0.333333333333333,3.5,0,3.33333333333333,0.5,253,3,0,0,4,0,10,4,0.333333,0,3.33333,3.5,99.2857,5,5,50
"Dy260","0",NA,NA,NA,NA,NA,81.75,1,2,1.33333333333333,2.33333333333333,NA,NA,1,254,5,1,0,2,1,11.1235929212909,10,1.33333,1.09251678673794,2.32804678090019,2.33333,81.75,12.8971125182881,11.4875761987606,45.0713225744121
"Dy261","0",5,5,53,4.8,4.6,64.5714285714286,0,4,1.83333333333333,1.83333333333333,1.33333333333333,2.66666666666667,0.125,255,5,0,0,4,0,5,8,1.83333,1.33333,2.66667,1.83333,64.5714,24,23,53
"Dy262","1",3,10,23,1.4,1.6,73.8571428571429,0,1,1.5,0.5,0,0.666666666666667,0.5,256,3,1,0,1,0,10,4,1.5,0,0.666667,0.5,73.8571,7,8,23
"Dz263","0",NA,NA,NA,1.6,NA,11.5714285714286,2,4,1.33333333333333,4,NA,NA,0,257,4,1,0,4,2,9.53459473276515,6,1.33333,1.19064855329129,3.59198233388235,4,11.5714,8,11.6410953949726,47.5835198904055
"Dz264","1",3,13,43,2.2,3.8,95,1,2,0.166666666666667,2.5,1,2.33333333333333,0.625,258,3,1,0,2,1,13,9,0.166667,1,2.33333,2.5,95,11,19,43
"Dz265","1",1,11,45,2.4,1.6,79.8571428571429,0,3,0.166666666666667,2,0,3.33333333333333,0.4375,259,1,0,0,3,0,11,6,0.166667,0,3.33333,2,79.8571,12,8,45
"Dz266","0",5,15,55,2.6,1,98.2857142857143,1,3,0.666666666666667,3.16666666666667,0,4,0.625,260,5,1,0,3,1,15,7,0.666667,0,4,3.16667,98.2857,13,5,55
"Dz267","0",5,19,27,3,1.4,29.1428571428571,0,3,1,1,0.666666666666667,0.333333333333333,0.125,261,5,1,0,3,0,19,6,1,0.666667,0.333333,1,29.1429,15,7,27
"Dz268","0",5,5,20,4.8,4,26.1428571428571,0,0,0,1,0,1.33333333333333,0.75,262,5,0,0,0,0,5,0,0,0,1.33333,1,26.1429,24,20,20
"Dz270","0",3,8,44,2.4,1.4,100,1,2,0.333333333333333,1.33333333333333,0.666666666666667,2.33333333333333,0.875,263,3,1,0,2,1,8,7,0.333333,0.666667,2.33333,1.33333,100,12,7,44
"Dz271","1",NA,NA,NA,3.4,NA,39,2,2,0.5,2.66666666666667,NA,NA,0.5,264,5,1,0,2,2,11.1775982136017,10,0.5,0.547991618136962,2.47492878174111,2.66667,39,17,14.4015373378275,42.2951295386429
"Dz272","1",NA,NA,NA,1.8,NA,75.1428571428571,1,3,0.333333333333333,3.33333333333333,NA,NA,0.375,265,5,1,0,3,1,7.85058380093799,4,0.333333,0.296839798669169,3.13367390055719,3.33333,75.1429,9,8.3712320063123,48.6524173030002
"Dz273","1",NA,NA,NA,NA,NA,100,0,4,0,4,NA,NA,0,266,5,0,0,4,0,7.37982626615199,6,0,-0.170480915865888,3.77350347115532,4,100,9.92638765861275,8.3351227921924,54.8936318428332
"Dz274","0",3,5,54,1,1,97.7142857142857,0,1,0.666666666666667,3,0.666666666666667,2.66666666666667,0.625,267,3,1,0,1,0,5,9,0.666667,0.666667,2.66667,3,97.7143,5,5,54
"Dz275","0",NA,NA,NA,NA,NA,30,2,4,3,4,NA,NA,0,268,3,0,0,4,2,11.3177794427895,3,3,2.40456605572519,3.74878172745439,4,30,10.9676571909284,14.388928690771,49.4498876227984
"Dz276","0",NA,NA,NA,1.4,NA,78.4285714285714,0,0,0,0.833333333333333,NA,NA,0.5,269,3,0,0,0,0,9.02118280134913,2,0,0.016102083846939,0.665063791801824,0.833333,78.4286,7,7.67353226415167,32.8591924874532
"Dz277","0",5,8,29,2,1.6,30.2857142857143,0,2,0.5,1,0,1,0.75,270,5,1,0,2,0,8,6,0.5,0,1,1,30.2857,10,8,29
"Dz278","1",3,16,43,2.6,2.2,73.1428571428571,2,2,0.5,2,0,2.33333333333333,0.375,271,3,0,0,2,2,16,7,0.5,0,2.33333,2,73.1429,13,11,43
"Dz279","0",5,15,46,3.4,4,65.7142857142857,1,2,1.83333333333333,1.66666666666667,1,2.33333333333333,0.125,272,5,1,0,2,1,15,7,1.83333,1,2.33333,1.66667,65.7143,17,20,46
"Dz280a","1",3,8,43,1.6,1.6,96,1,3,1,2.33333333333333,0.333333333333333,2.33333333333333,0.5,273,3,0,0,3,1,8,5,1,0.333333,2.33333,2.33333,96,8,8,43
"Dz281","1",1,7,55,1.2,1,75.7142857142857,0,3,0.666666666666667,3.83333333333333,0,3,0.625,274,1,0,0,3,0,7,7,0.666667,0,3,3.83333,75.7143,6,5,55
"Dz282","0",2,9,41,2.8,1.8,56.2857142857143,1,2,1.66666666666667,1.5,2.33333333333333,1,0.5625,275,2,1,0,2,1,9,7,1.66667,2.33333,1,1.5,56.2857,14,9,41
"Dz283","0",3,12,45,2.6,3,69.7142857142857,1,2,2.66666666666667,1.83333333333333,0.666666666666667,2.33333333333333,0.75,276,3,1,0,2,1,12,13,2.66667,0.666667,2.33333,1.83333,69.7143,13,15,45
"Dz284","0",NA,15,41,3.4,2,65.1428571428571,2,2,2.16666666666667,1,1,1,0.5,277,5,0,0,2,2,15,9,2.16667,1,1,1,65.1429,17,10,41
"Dz285","1",NA,5,58,1.2,1,92.1428571428571,0,4,0,4,0,4,1,278,3,0,0,4,0,5,1,0,0,4,4,92.1429,6,5,58
"Dz286","0",NA,NA,NA,NA,NA,64.3333333333333,4,2,2,2.75,NA,NA,1,279,1,1,0,2,4,13.8388844026153,14,2,1.56821056305935,2.72332454418797,2.75,64.3333,12.4390876142161,12.2993434169558,41.7473131842682
"Dz287","1",4,13,40,2,1.8,54.1428571428571,2,3,2.33333333333333,1.16666666666667,2.66666666666667,1,0.5,280,4,1,0,3,2,13,2,2.33333,2.66667,1,1.16667,54.1429,10,9,40
